statement ok
create table t(v1 int primary key, v2 int, v3 text)

statement ok
insert into t values(1,4,'foo')

statement ok
insert into t values(2,3,'bar')

statement ok
insert into t values(3,4,'baz')

statement ok
insert into t values(4,3,'baz')

# primary key constraint violation
statement error
insert into t values(3, 5, 'kek')

query IIT
select * from t
----
1 4 foo
2 3 bar
3 4 baz
4 3 baz

query IIT
select v1, v2, v3 from t
----
1 4 foo
2 3 bar
3 4 baz
4 3 baz

query I
select v1 from t
----
1
2
3
4

query II
select v2, v1 from t
----
4 1
3 2
4 3
3 4

query IT
select v2, v3 from t
----
4 foo
3 bar
4 baz
3 baz

query II
select v1, v1 from t
----
1 1
2 2
3 3
4 4

query IITI
select *, v1 from t
----
1 4 foo 1
2 3 bar 2
3 4 baz 3
4 3 baz 4

query I
select v1 from t where v2 = 3
----
2
4

query I
select v1 from t where v1 > 2
----
3
4

query I
select v1 from t where v3 = 'baz'
----
3
4

query I
select v1 from t where v3 = 'baz' or v1 = 1;
----
1
3
4

query I
select v1 from t where v3 = 'baz' and v2 > 3
----
3

# returns empty set instead of type error
query I
select v1 from t where v1 > 'abc'
----

query IIT
select * from t order by v2
----
2 3 bar
4 3 baz
1 4 foo
3 4 baz

query IIT
select v1, v3 from t order by v3
----
2 bar
3 baz
4 baz
1 foo

statement ok
drop table t
