statement ok
create table t(v1 int primary key, v2 int, v3 text)

statement ok
insert into t values(1,4,'foo')

statement ok
insert into t values(2,3,'bar')

statement ok
insert into t values(3,4,'baz')

statement ok
insert into t values(4,3,'baz')

# primary key constraint violation
statement error
insert into t values(3, 5, 'kek')

query IIT
select * from t
----
1 4 foo
2 3 bar
3 4 baz
4 3 baz

query IIT
select v1, v2, v3 from t
----
1 4 foo
2 3 bar
3 4 baz
4 3 baz

query I
select v1 from t
----
1
2
3
4

query II
select v2, v1 from t
----
4 1
3 2
4 3
3 4

query IT
select v2, v3 from t
----
4 foo
3 bar
4 baz
3 baz

query II
select v1, v1 from t
----
1 1
2 2
3 3
4 4

query IITI
select *, v1 from t
----
1 4 foo 1
2 3 bar 2
3 4 baz 3
4 3 baz 4

statement ok
drop table t
